0,1,2,3,4
0.0,448.0,84.0,838.0,146.0
1.0,449.0,83.0,840.0,146.0
2.0,451.0,83.0,841.0,146.0
3.0,450.0,83.0,840.0,146.0
3.0,859.0,286.0,932.0,437.0
4.0,449.0,83.0,840.0,146.0
5.0,425.0,82.0,847.0,141.0
6.0,448.0,83.0,839.0,146.0
7.0,448.0,84.0,837.0,146.0
7.0,862.0,289.0,934.0,438.0
8.0,429.0,83.0,848.0,141.0
9.0,426.0,83.0,846.0,141.0
10.0,640.0,202.0,776.0,251.0
10.0,342.0,209.0,530.0,481.0
10.0,283.0,117.0,917.0,607.0
10.0,311.0,126.0,642.0,558.0
11.0,631.0,196.0,776.0,257.0
11.0,342.0,209.0,529.0,480.0
11.0,304.0,151.0,890.0,548.0
11.0,939.0,438.0,1015.0,479.0
12.0,630.0,196.0,776.0,257.0
12.0,343.0,209.0,529.0,481.0
12.0,282.0,115.0,926.0,606.0
12.0,313.0,129.0,627.0,543.0
12.0,938.0,439.0,1016.0,480.0
13.0,626.0,196.0,777.0,257.0
13.0,357.0,219.0,522.0,465.0
13.0,283.0,115.0,920.0,607.0
13.0,939.0,439.0,1015.0,480.0
13.0,314.0,128.0,633.0,547.0
14.0,358.0,220.0,522.0,464.0
14.0,639.0,202.0,776.0,251.0
14.0,284.0,116.0,928.0,609.0
14.0,939.0,439.0,1015.0,480.0
14.0,314.0,129.0,630.0,547.0
15.0,361.0,213.0,523.0,464.0
15.0,639.0,202.0,776.0,251.0
15.0,285.0,116.0,917.0,607.0
15.0,939.0,439.0,1015.0,479.0
15.0,315.0,127.0,634.0,548.0
16.0,363.0,214.0,524.0,464.0
16.0,639.0,202.0,776.0,251.0
16.0,286.0,116.0,901.0,604.0
16.0,939.0,439.0,1015.0,479.0
16.0,316.0,127.0,625.0,544.0
16.0,626.0,397.0,804.0,487.0
17.0,362.0,220.0,523.0,464.0
17.0,639.0,202.0,776.0,251.0
17.0,287.0,115.0,888.0,610.0
17.0,939.0,439.0,1015.0,479.0
17.0,317.0,131.0,615.0,539.0
18.0,345.0,207.0,536.0,481.0
18.0,639.0,202.0,776.0,251.0
18.0,289.0,113.0,878.0,610.0
18.0,318.0,136.0,597.0,531.0
18.0,939.0,439.0,1015.0,479.0
18.0,626.0,397.0,804.0,486.0
19.0,345.0,207.0,537.0,479.0
19.0,639.0,202.0,776.0,251.0
19.0,553.0,363.0,626.0,405.0
19.0,290.0,112.0,880.0,609.0
19.0,939.0,439.0,1015.0,480.0
19.0,625.0,397.0,804.0,487.0
20.0,347.0,209.0,538.0,480.0
20.0,639.0,202.0,776.0,251.0
20.0,550.0,363.0,625.0,405.0
20.0,301.0,123.0,819.0,597.0
20.0,627.0,397.0,804.0,486.0
20.0,939.0,439.0,1015.0,479.0
21.0,347.0,211.0,536.0,477.0
21.0,639.0,202.0,776.0,251.0
21.0,548.0,363.0,625.0,406.0
21.0,625.0,397.0,803.0,488.0
21.0,297.0,119.0,821.0,605.0
22.0,344.0,209.0,537.0,475.0
22.0,639.0,202.0,776.0,251.0
22.0,546.0,362.0,624.0,406.0
22.0,625.0,396.0,803.0,488.0
22.0,298.0,119.0,819.0,600.0
23.0,339.0,209.0,537.0,472.0
23.0,639.0,202.0,776.0,251.0
23.0,543.0,362.0,625.0,406.0
23.0,625.0,396.0,803.0,488.0
23.0,939.0,439.0,1015.0,479.0
23.0,299.0,120.0,819.0,595.0
23.0,309.0,125.0,581.0,566.0
24.0,339.0,208.0,537.0,473.0
24.0,640.0,202.0,776.0,251.0
24.0,540.0,363.0,624.0,406.0
24.0,617.0,392.0,794.0,491.0
24.0,940.0,439.0,1015.0,480.0
24.0,301.0,121.0,810.0,585.0
25.0,337.0,208.0,537.0,473.0
25.0,539.0,362.0,625.0,406.0
25.0,640.0,202.0,776.0,251.0
25.0,940.0,439.0,1015.0,480.0
25.0,617.0,393.0,795.0,491.0
25.0,300.0,120.0,810.0,593.0
26.0,326.0,185.0,546.0,477.0
26.0,536.0,362.0,625.0,406.0
26.0,640.0,202.0,776.0,251.0
26.0,939.0,439.0,1016.0,479.0
26.0,301.0,119.0,807.0,587.0
26.0,617.0,393.0,795.0,491.0
26.0,343.0,279.0,518.0,452.0
27.0,326.0,182.0,547.0,476.0
27.0,640.0,202.0,776.0,251.0
27.0,535.0,362.0,625.0,406.0
27.0,939.0,439.0,1015.0,480.0
27.0,627.0,397.0,804.0,487.0
27.0,302.0,120.0,799.0,578.0
28.0,326.0,180.0,548.0,475.0
28.0,534.0,362.0,625.0,406.0
28.0,640.0,202.0,776.0,251.0
28.0,626.0,397.0,803.0,486.0
28.0,939.0,439.0,1015.0,480.0
28.0,303.0,119.0,794.0,577.0
29.0,327.0,179.0,550.0,475.0
29.0,531.0,362.0,625.0,406.0
29.0,640.0,202.0,776.0,251.0
29.0,627.0,397.0,804.0,487.0
29.0,940.0,439.0,1015.0,480.0
29.0,314.0,143.0,815.0,519.0
30.0,327.0,177.0,553.0,474.0
30.0,530.0,362.0,625.0,406.0
30.0,640.0,202.0,776.0,251.0
30.0,627.0,397.0,804.0,486.0
30.0,314.0,144.0,802.0,512.0
30.0,940.0,439.0,1015.0,479.0
31.0,326.0,173.0,559.0,473.0
31.0,529.0,362.0,625.0,406.0
31.0,640.0,202.0,776.0,251.0
31.0,369.0,225.0,519.0,452.0
31.0,627.0,397.0,804.0,486.0
31.0,305.0,119.0,787.0,576.0
31.0,940.0,439.0,1015.0,479.0
32.0,528.0,362.0,625.0,406.0
32.0,325.0,169.0,564.0,473.0
32.0,640.0,202.0,776.0,250.0
32.0,627.0,397.0,804.0,487.0
32.0,362.0,225.0,517.0,451.0
32.0,306.0,118.0,787.0,577.0
32.0,940.0,439.0,1015.0,479.0
33.0,526.0,362.0,625.0,406.0
33.0,324.0,167.0,572.0,471.0
33.0,640.0,202.0,776.0,250.0
33.0,366.0,220.0,523.0,451.0
33.0,940.0,439.0,1015.0,479.0
33.0,305.0,118.0,789.0,576.0
33.0,618.0,393.0,792.0,491.0
34.0,525.0,362.0,625.0,406.0
34.0,323.0,164.0,581.0,469.0
34.0,640.0,202.0,776.0,250.0
34.0,356.0,217.0,520.0,453.0
34.0,626.0,397.0,804.0,487.0
34.0,940.0,439.0,1015.0,479.0
34.0,306.0,119.0,790.0,562.0
35.0,323.0,162.0,583.0,468.0
35.0,524.0,361.0,625.0,406.0
35.0,640.0,202.0,776.0,250.0
35.0,361.0,217.0,524.0,450.0
35.0,940.0,438.0,1016.0,480.0
35.0,626.0,397.0,803.0,486.0
35.0,306.0,120.0,783.0,548.0
36.0,523.0,361.0,625.0,406.0
36.0,323.0,161.0,585.0,470.0
36.0,640.0,202.0,776.0,250.0
36.0,627.0,397.0,803.0,486.0
36.0,940.0,439.0,1016.0,480.0
36.0,306.0,120.0,782.0,550.0
36.0,358.0,223.0,521.0,446.0
37.0,322.0,159.0,591.0,472.0
37.0,523.0,361.0,625.0,405.0
37.0,640.0,202.0,776.0,250.0
37.0,307.0,119.0,784.0,552.0
37.0,626.0,397.0,803.0,487.0
37.0,939.0,439.0,1015.0,479.0
37.0,346.0,230.0,517.0,455.0
38.0,328.0,154.0,594.0,474.0
38.0,522.0,361.0,626.0,405.0
38.0,640.0,202.0,776.0,250.0
38.0,348.0,217.0,522.0,454.0
38.0,626.0,397.0,803.0,487.0
38.0,308.0,119.0,781.0,552.0
38.0,939.0,439.0,1016.0,478.0
39.0,327.0,153.0,596.0,476.0
39.0,522.0,361.0,625.0,405.0
39.0,640.0,202.0,776.0,250.0
39.0,307.0,119.0,778.0,550.0
39.0,626.0,397.0,803.0,487.0
39.0,349.0,218.0,523.0,455.0
39.0,940.0,439.0,1016.0,480.0
40.0,327.0,152.0,600.0,478.0
40.0,521.0,361.0,625.0,405.0
40.0,640.0,202.0,776.0,250.0
40.0,307.0,119.0,781.0,552.0
40.0,627.0,398.0,803.0,485.0
40.0,350.0,220.0,522.0,456.0
41.0,327.0,152.0,603.0,479.0
41.0,521.0,360.0,625.0,405.0
41.0,640.0,202.0,776.0,250.0
41.0,307.0,118.0,789.0,557.0
41.0,627.0,397.0,803.0,486.0
41.0,940.0,439.0,1015.0,479.0
41.0,349.0,222.0,524.0,457.0
42.0,326.0,152.0,607.0,479.0
42.0,640.0,202.0,776.0,250.0
42.0,521.0,360.0,625.0,405.0
42.0,306.0,117.0,787.0,559.0
42.0,940.0,439.0,1016.0,480.0
42.0,625.0,397.0,804.0,487.0
42.0,344.0,220.0,528.0,458.0
43.0,326.0,151.0,606.0,480.0
43.0,640.0,202.0,776.0,250.0
43.0,520.0,360.0,625.0,405.0
43.0,306.0,118.0,788.0,561.0
43.0,627.0,397.0,804.0,486.0
43.0,940.0,439.0,1016.0,480.0
43.0,345.0,221.0,526.0,458.0
44.0,326.0,151.0,606.0,480.0
44.0,640.0,202.0,776.0,250.0
44.0,520.0,360.0,625.0,405.0
44.0,307.0,117.0,786.0,564.0
44.0,626.0,397.0,804.0,487.0
45.0,326.0,151.0,605.0,480.0
45.0,640.0,202.0,776.0,250.0
45.0,520.0,360.0,625.0,405.0
45.0,308.0,118.0,784.0,562.0
45.0,939.0,439.0,1016.0,480.0
45.0,346.0,221.0,523.0,457.0
45.0,627.0,398.0,804.0,486.0
46.0,326.0,151.0,606.0,482.0
46.0,640.0,202.0,776.0,250.0
46.0,520.0,360.0,625.0,405.0
46.0,307.0,116.0,788.0,570.0
46.0,617.0,393.0,795.0,492.0
46.0,939.0,439.0,1015.0,479.0
47.0,326.0,151.0,607.0,482.0
47.0,640.0,202.0,776.0,250.0
47.0,520.0,360.0,625.0,405.0
47.0,939.0,439.0,1015.0,480.0
47.0,307.0,115.0,793.0,576.0
47.0,627.0,397.0,804.0,487.0
48.0,640.0,202.0,776.0,250.0
48.0,520.0,360.0,625.0,405.0
48.0,326.0,150.0,607.0,484.0
48.0,309.0,124.0,768.0,546.0
48.0,939.0,439.0,1016.0,480.0
48.0,626.0,397.0,804.0,488.0
49.0,640.0,202.0,776.0,250.0
49.0,520.0,360.0,625.0,405.0
49.0,326.0,150.0,606.0,486.0
49.0,304.0,116.0,784.0,570.0
49.0,618.0,393.0,797.0,493.0
49.0,939.0,439.0,1015.0,479.0
49.0,355.0,219.0,525.0,463.0
50.0,520.0,360.0,625.0,405.0
50.0,640.0,202.0,776.0,250.0
50.0,319.0,152.0,601.0,492.0
50.0,939.0,439.0,1016.0,480.0
50.0,304.0,116.0,797.0,581.0
50.0,617.0,393.0,795.0,492.0
50.0,352.0,218.0,526.0,468.0
51.0,319.0,152.0,601.0,492.0
51.0,640.0,202.0,776.0,250.0
51.0,518.0,360.0,625.0,405.0
51.0,305.0,125.0,766.0,542.0
51.0,617.0,393.0,796.0,492.0
51.0,939.0,439.0,1016.0,480.0
51.0,352.0,219.0,526.0,467.0
52.0,319.0,151.0,602.0,494.0
52.0,640.0,202.0,776.0,250.0
52.0,520.0,360.0,625.0,405.0
52.0,628.0,398.0,804.0,485.0
52.0,346.0,216.0,524.0,469.0
52.0,939.0,439.0,1015.0,480.0
53.0,325.0,153.0,599.0,489.0
53.0,640.0,202.0,776.0,250.0
53.0,520.0,360.0,625.0,405.0
53.0,346.0,217.0,522.0,468.0
53.0,302.0,115.0,800.0,567.0
53.0,627.0,397.0,804.0,487.0
53.0,939.0,439.0,1016.0,480.0
54.0,325.0,153.0,599.0,489.0
54.0,640.0,202.0,776.0,250.0
54.0,520.0,360.0,625.0,405.0
54.0,301.0,116.0,806.0,567.0
54.0,626.0,397.0,805.0,487.0
54.0,351.0,223.0,515.0,459.0
54.0,940.0,439.0,1016.0,480.0
55.0,520.0,360.0,625.0,405.0
55.0,325.0,152.0,600.0,489.0
55.0,640.0,202.0,776.0,250.0
55.0,301.0,116.0,792.0,558.0
55.0,352.0,223.0,515.0,459.0
55.0,940.0,439.0,1016.0,480.0
55.0,627.0,391.0,799.0,497.0
56.0,520.0,360.0,625.0,405.0
56.0,325.0,152.0,601.0,488.0
56.0,640.0,202.0,776.0,250.0
56.0,301.0,116.0,791.0,556.0
56.0,618.0,392.0,795.0,492.0
56.0,940.0,439.0,1015.0,480.0
56.0,355.0,222.0,522.0,461.0
57.0,520.0,360.0,625.0,405.0
57.0,325.0,152.0,602.0,487.0
57.0,640.0,202.0,776.0,250.0
57.0,304.0,124.0,771.0,538.0
57.0,940.0,439.0,1015.0,480.0
57.0,354.0,223.0,515.0,459.0
57.0,626.0,392.0,800.0,497.0
58.0,520.0,360.0,625.0,405.0
58.0,325.0,152.0,601.0,488.0
58.0,640.0,202.0,776.0,250.0
58.0,302.0,115.0,804.0,567.0
58.0,354.0,223.0,514.0,459.0
58.0,938.0,440.0,1015.0,479.0
58.0,618.0,393.0,793.0,492.0
59.0,325.0,152.0,602.0,488.0
59.0,520.0,360.0,625.0,405.0
59.0,640.0,202.0,776.0,250.0
59.0,301.0,117.0,790.0,551.0
59.0,940.0,439.0,1016.0,480.0
59.0,353.0,222.0,523.0,467.0
59.0,627.0,392.0,800.0,497.0
60.0,325.0,152.0,601.0,488.0
60.0,520.0,360.0,625.0,405.0
60.0,640.0,202.0,776.0,250.0
60.0,302.0,115.0,800.0,563.0
60.0,626.0,391.0,800.0,497.0
60.0,353.0,222.0,523.0,467.0
60.0,940.0,439.0,1015.0,480.0
61.0,325.0,152.0,601.0,488.0
61.0,520.0,360.0,625.0,405.0
61.0,640.0,202.0,776.0,250.0
61.0,302.0,115.0,801.0,565.0
61.0,627.0,391.0,801.0,497.0
61.0,353.0,222.0,523.0,466.0
61.0,940.0,439.0,1015.0,480.0
62.0,325.0,152.0,599.0,488.0
62.0,520.0,360.0,625.0,405.0
62.0,640.0,202.0,776.0,250.0
62.0,302.0,115.0,803.0,564.0
62.0,627.0,391.0,802.0,498.0
62.0,353.0,222.0,523.0,466.0
62.0,940.0,439.0,1015.0,480.0
63.0,325.0,152.0,598.0,488.0
63.0,520.0,360.0,625.0,405.0
63.0,640.0,202.0,776.0,250.0
63.0,302.0,115.0,802.0,564.0
63.0,940.0,439.0,1015.0,479.0
63.0,353.0,223.0,523.0,466.0
63.0,627.0,391.0,800.0,498.0
64.0,325.0,152.0,598.0,488.0
64.0,520.0,360.0,625.0,405.0
64.0,640.0,202.0,776.0,250.0
64.0,302.0,115.0,802.0,563.0
64.0,939.0,439.0,1015.0,480.0
64.0,353.0,223.0,523.0,466.0
64.0,626.0,391.0,801.0,498.0
65.0,891.0,254.0,1036.0,293.0
65.0,45.0,407.0,163.0,451.0
65.0,660.0,81.0,1106.0,212.0
66.0,895.0,253.0,1037.0,292.0
66.0,44.0,408.0,160.0,451.0
66.0,660.0,81.0,1106.0,212.0
67.0,887.0,254.0,1036.0,295.0
67.0,36.0,410.0,156.0,453.0
67.0,660.0,81.0,1105.0,212.0
68.0,886.0,253.0,1030.0,292.0
69.0,868.0,247.0,1037.0,300.0
69.0,906.0,258.0,1023.0,288.0
70.0,862.0,247.0,1033.0,300.0
70.0,899.0,256.0,1020.0,290.0
71.0,860.0,247.0,1028.0,300.0
71.0,897.0,257.0,1018.0,289.0
72.0,857.0,247.0,1025.0,300.0
72.0,894.0,256.0,1016.0,287.0
73.0,866.0,252.0,1016.0,291.0
74.0,854.0,253.0,1012.0,294.0
74.0,764.0,447.0,980.0,519.0
75.0,859.0,251.0,1009.0,291.0
75.0,668.0,79.0,1102.0,212.0
76.0,853.0,250.0,1006.0,291.0
76.0,668.0,79.0,1102.0,212.0
77.0,841.0,252.0,998.0,291.0
77.0,66.0,372.0,196.0,420.0
77.0,668.0,79.0,1101.0,212.0
78.0,845.0,250.0,1000.0,290.0
78.0,764.0,452.0,980.0,532.0
78.0,62.0,371.0,192.0,420.0
79.0,825.0,244.0,1006.0,298.0
79.0,762.0,455.0,979.0,534.0
79.0,873.0,255.0,991.0,287.0
80.0,831.0,249.0,995.0,294.0
80.0,762.0,460.0,968.0,534.0
81.0,823.0,248.0,993.0,290.0
81.0,766.0,462.0,976.0,539.0
81.0,47.0,373.0,180.0,421.0
82.0,829.0,249.0,986.0,289.0
82.0,31.0,366.0,187.0,427.0
82.0,766.0,465.0,970.0,538.0
82.0,884.0,252.0,969.0,283.0
83.0,805.0,243.0,995.0,299.0
83.0,848.0,253.0,981.0,284.0
83.0,42.0,372.0,169.0,422.0
83.0,767.0,466.0,965.0,540.0
84.0,807.0,250.0,974.0,291.0
84.0,38.0,371.0,170.0,420.0
85.0,810.0,249.0,974.0,289.0
85.0,787.0,238.0,982.0,305.0
85.0,25.0,365.0,178.0,426.0
85.0,661.0,81.0,1106.0,211.0
86.0,799.0,250.0,966.0,291.0
86.0,662.0,81.0,1105.0,211.0
86.0,16.0,365.0,174.0,427.0
87.0,784.0,243.0,978.0,300.0
87.0,823.0,251.0,961.0,286.0
88.0,779.0,243.0,976.0,301.0
88.0,828.0,252.0,956.0,286.0
89.0,775.0,243.0,972.0,301.0
89.0,820.0,252.0,955.0,286.0
90.0,768.0,243.0,970.0,301.0
90.0,818.0,249.0,959.0,290.0
90.0,663.0,80.0,1105.0,211.0
91.0,760.0,243.0,963.0,302.0
91.0,827.0,252.0,941.0,287.0
92.0,754.0,244.0,960.0,302.0
92.0,814.0,253.0,941.0,290.0
92.0,663.0,80.0,1105.0,211.0
93.0,749.0,244.0,956.0,303.0
93.0,802.0,252.0,937.0,290.0
93.0,664.0,80.0,1105.0,210.0
94.0,747.0,244.0,951.0,304.0
94.0,793.0,252.0,933.0,291.0
94.0,663.0,80.0,1107.0,211.0
95.0,739.0,243.0,949.0,305.0
95.0,807.0,254.0,932.0,292.0
96.0,733.0,244.0,945.0,304.0
96.0,795.0,250.0,935.0,293.0
97.0,724.0,243.0,939.0,305.0
97.0,789.0,250.0,931.0,293.0
97.0,96.0,149.0,715.0,272.0
98.0,718.0,244.0,934.0,305.0
98.0,780.0,254.0,921.0,291.0
98.0,666.0,80.0,1106.0,210.0
99.0,714.0,244.0,931.0,304.0
99.0,788.0,253.0,914.0,294.0
99.0,97.0,148.0,710.0,273.0
99.0,666.0,80.0,1107.0,210.0
100.0,713.0,245.0,925.0,305.0
100.0,783.0,254.0,910.0,292.0
100.0,666.0,80.0,1108.0,210.0
100.0,100.0,150.0,702.0,266.0
101.0,701.0,244.0,923.0,306.0
101.0,764.0,251.0,911.0,296.0
101.0,91.0,148.0,697.0,269.0
101.0,665.0,80.0,1108.0,210.0
102.0,692.0,243.0,916.0,306.0
102.0,767.0,250.0,908.0,293.0
102.0,664.0,80.0,1108.0,210.0
102.0,99.0,150.0,698.0,266.0
103.0,686.0,244.0,912.0,307.0
103.0,755.0,251.0,903.0,296.0
103.0,664.0,80.0,1108.0,210.0
103.0,99.0,151.0,694.0,267.0
104.0,681.0,244.0,906.0,307.0
104.0,741.0,253.0,892.0,294.0
104.0,663.0,80.0,1109.0,210.0
105.0,678.0,245.0,901.0,306.0
105.0,663.0,80.0,1109.0,210.0
105.0,93.0,148.0,688.0,268.0
106.0,675.0,244.0,896.0,307.0
106.0,98.0,151.0,675.0,272.0
106.0,662.0,80.0,1110.0,210.0
107.0,657.0,243.0,891.0,308.0
107.0,737.0,252.0,882.0,296.0
107.0,97.0,151.0,678.0,273.0
107.0,662.0,80.0,1109.0,210.0
108.0,649.0,244.0,886.0,308.0
108.0,728.0,253.0,876.0,296.0
108.0,97.0,151.0,678.0,273.0
108.0,661.0,80.0,1108.0,210.0
109.0,646.0,244.0,879.0,308.0
109.0,721.0,251.0,874.0,297.0
109.0,96.0,152.0,679.0,272.0
109.0,659.0,79.0,1108.0,210.0
110.0,648.0,245.0,876.0,307.0
110.0,712.0,253.0,865.0,296.0
110.0,104.0,153.0,678.0,272.0
111.0,627.0,243.0,869.0,311.0
111.0,712.0,252.0,861.0,298.0
111.0,103.0,153.0,680.0,272.0
112.0,620.0,244.0,861.0,309.0
112.0,706.0,254.0,848.0,300.0
112.0,103.0,153.0,682.0,272.0
113.0,614.0,244.0,855.0,309.0
113.0,696.0,253.0,851.0,298.0
113.0,661.0,79.0,1112.0,210.0
114.0,609.0,245.0,848.0,309.0
114.0,686.0,252.0,844.0,298.0
114.0,661.0,79.0,1112.0,210.0
115.0,594.0,244.0,845.0,312.0
115.0,687.0,253.0,839.0,299.0
115.0,105.0,154.0,697.0,272.0
115.0,661.0,79.0,1114.0,210.0
116.0,585.0,244.0,838.0,312.0
116.0,673.0,253.0,832.0,300.0
116.0,661.0,79.0,1113.0,210.0
117.0,581.0,245.0,830.0,312.0
117.0,673.0,254.0,821.0,299.0
117.0,107.0,155.0,707.0,273.0
117.0,661.0,79.0,1113.0,210.0
118.0,575.0,245.0,825.0,312.0
118.0,662.0,255.0,819.0,298.0
118.0,661.0,79.0,1113.0,210.0
119.0,568.0,248.0,828.0,317.0
119.0,657.0,254.0,815.0,300.0
119.0,662.0,79.0,1114.0,210.0
120.0,563.0,249.0,821.0,317.0
120.0,646.0,254.0,810.0,300.0
120.0,559.0,240.0,702.0,323.0
121.0,546.0,246.0,805.0,314.0
121.0,637.0,253.0,802.0,301.0
121.0,557.0,250.0,642.0,313.0
121.0,665.0,79.0,1114.0,209.0
122.0,536.0,246.0,796.0,315.0
122.0,543.0,241.0,674.0,323.0
122.0,685.0,79.0,1108.0,207.0
122.0,624.0,253.0,794.0,300.0
123.0,532.0,249.0,804.0,318.0
123.0,620.0,255.0,788.0,300.0
123.0,658.0,80.0,1120.0,210.0
124.0,475.0,366.0,648.0,567.0
124.0,325.0,109.0,832.0,457.0
124.0,869.0,184.0,1253.0,236.0
124.0,116.0,103.0,904.0,606.0
125.0,474.0,371.0,647.0,572.0
125.0,329.0,110.0,829.0,460.0
125.0,861.0,189.0,1271.0,242.0
126.0,472.0,377.0,647.0,577.0
126.0,316.0,131.0,856.0,538.0
126.0,860.0,195.0,1267.0,248.0
126.0,352.0,170.0,756.0,374.0
127.0,478.0,374.0,646.0,586.0
127.0,311.0,138.0,853.0,536.0
127.0,861.0,200.0,1260.0,253.0
127.0,356.0,178.0,754.0,378.0
128.0,325.0,135.0,837.0,515.0
128.0,475.0,381.0,645.0,594.0
128.0,854.0,206.0,1249.0,258.0
128.0,347.0,165.0,763.0,393.0
129.0,327.0,142.0,831.0,482.0
129.0,467.0,393.0,641.0,592.0
129.0,839.0,213.0,1248.0,262.0
129.0,345.0,184.0,762.0,377.0
130.0,331.0,145.0,830.0,492.0
130.0,466.0,398.0,638.0,597.0
130.0,850.0,217.0,1223.0,267.0
131.0,462.0,405.0,636.0,603.0
131.0,342.0,147.0,828.0,500.0
131.0,817.0,222.0,1241.0,272.0
132.0,459.0,410.0,635.0,609.0
132.0,334.0,159.0,825.0,510.0
132.0,818.0,226.0,1240.0,279.0
133.0,312.0,137.0,838.0,617.0
133.0,456.0,416.0,629.0,617.0
133.0,838.0,235.0,1236.0,284.0
133.0,855.0,75.0,1140.0,132.0
133.0,344.0,199.0,789.0,474.0
134.0,456.0,417.0,623.0,625.0
134.0,294.0,162.0,832.0,593.0
134.0,832.0,244.0,1241.0,286.0
134.0,853.0,75.0,1133.0,139.0
135.0,840.0,248.0,1233.0,295.0
135.0,450.0,429.0,622.0,627.0
135.0,291.0,151.0,826.0,594.0
135.0,852.0,75.0,1133.0,147.0
136.0,446.0,436.0,616.0,631.0
136.0,311.0,101.0,837.0,631.0
136.0,850.0,75.0,1129.0,154.0
136.0,823.0,253.0,1240.0,305.0
137.0,848.0,76.0,1126.0,164.0
137.0,317.0,166.0,815.0,601.0
137.0,446.0,443.0,613.0,632.0
137.0,817.0,260.0,1229.0,312.0
138.0,855.0,80.0,1123.0,170.0
138.0,309.0,171.0,811.0,598.0
138.0,803.0,267.0,1242.0,320.0
138.0,450.0,450.0,609.0,634.0
138.0,313.0,72.0,1200.0,304.0
139.0,849.0,80.0,1108.0,175.0
139.0,457.0,464.0,599.0,628.0
139.0,791.0,274.0,1229.0,325.0
139.0,314.0,162.0,807.0,604.0
139.0,817.0,71.0,1130.0,245.0
140.0,848.0,85.0,1107.0,185.0
140.0,457.0,474.0,595.0,628.0
140.0,233.0,99.0,828.0,620.0
140.0,813.0,281.0,1214.0,333.0
140.0,350.0,226.0,781.0,553.0
140.0,816.0,77.0,1139.0,269.0
141.0,847.0,88.0,1103.0,189.0
141.0,460.0,478.0,594.0,628.0
141.0,786.0,288.0,1211.0,341.0
141.0,223.0,105.0,818.0,620.0
141.0,356.0,227.0,781.0,555.0
141.0,819.0,76.0,1136.0,271.0
141.0,305.0,78.0,1184.0,329.0
142.0,841.0,87.0,1101.0,197.0
142.0,466.0,484.0,590.0,630.0
142.0,767.0,295.0,1220.0,348.0
142.0,219.0,106.0,810.0,627.0
142.0,350.0,223.0,786.0,557.0
142.0,820.0,77.0,1135.0,267.0
143.0,838.0,94.0,1097.0,204.0
143.0,482.0,491.0,577.0,628.0
143.0,275.0,113.0,808.0,621.0
143.0,802.0,306.0,1213.0,348.0
143.0,818.0,81.0,1125.0,274.0
144.0,835.0,98.0,1095.0,207.0
144.0,486.0,497.0,575.0,630.0
144.0,260.0,109.0,796.0,623.0
144.0,780.0,307.0,1207.0,360.0
144.0,812.0,79.0,1133.0,297.0
145.0,835.0,99.0,1098.0,213.0
145.0,491.0,502.0,577.0,631.0
145.0,277.0,109.0,796.0,626.0
145.0,791.0,313.0,1215.0,366.0
145.0,810.0,84.0,1126.0,295.0
146.0,832.0,92.0,1098.0,219.0
146.0,302.0,112.0,784.0,627.0
146.0,505.0,512.0,570.0,633.0
146.0,790.0,319.0,1201.0,371.0
146.0,791.0,85.0,1131.0,290.0
147.0,827.0,95.0,1092.0,223.0
147.0,302.0,114.0,779.0,624.0
147.0,784.0,323.0,1203.0,376.0
147.0,508.0,520.0,565.0,623.0
148.0,821.0,98.0,1087.0,228.0
148.0,301.0,116.0,769.0,626.0
148.0,776.0,331.0,1190.0,381.0
149.0,817.0,103.0,1085.0,235.0
149.0,323.0,126.0,767.0,624.0
149.0,781.0,334.0,1203.0,383.0
149.0,764.0,76.0,1101.0,335.0
150.0,811.0,111.0,1085.0,250.0
150.0,756.0,336.0,1193.0,388.0
150.0,347.0,133.0,767.0,622.0
150.0,792.0,86.0,1108.0,335.0
151.0,808.0,116.0,1085.0,251.0
151.0,773.0,341.0,1192.0,391.0
151.0,362.0,139.0,761.0,622.0
151.0,792.0,90.0,1108.0,330.0
152.0,806.0,120.0,1085.0,256.0
152.0,359.0,143.0,755.0,624.0
152.0,779.0,348.0,1175.0,390.0
152.0,788.0,91.0,1107.0,333.0
152.0,109.0,111.0,844.0,638.0
153.0,810.0,130.0,1075.0,249.0
153.0,787.0,91.0,1089.0,308.0
153.0,359.0,149.0,755.0,626.0
153.0,766.0,351.0,1176.0,397.0
153.0,108.0,114.0,841.0,636.0
154.0,802.0,122.0,1080.0,266.0
154.0,742.0,353.0,1180.0,406.0
154.0,315.0,131.0,757.0,631.0
154.0,771.0,83.0,1114.0,348.0
155.0,799.0,122.0,1079.0,270.0
155.0,316.0,135.0,753.0,633.0
155.0,765.0,358.0,1182.0,409.0
155.0,767.0,83.0,1112.0,347.0
156.0,799.0,145.0,1073.0,262.0
156.0,774.0,90.0,1091.0,309.0
156.0,748.0,361.0,1170.0,411.0
156.0,356.0,151.0,779.0,642.0
157.0,799.0,151.0,1070.0,265.0
157.0,356.0,154.0,778.0,643.0
157.0,755.0,97.0,1096.0,306.0
157.0,763.0,365.0,1180.0,414.0
158.0,790.0,146.0,1076.0,277.0
158.0,765.0,373.0,1166.0,412.0
158.0,364.0,156.0,774.0,642.0
158.0,462.0,556.0,540.0,640.0
158.0,768.0,88.0,1099.0,352.0
158.0,363.0,149.0,680.0,444.0
159.0,790.0,149.0,1073.0,279.0
159.0,758.0,369.0,1170.0,421.0
159.0,370.0,165.0,771.0,637.0
159.0,457.0,558.0,537.0,641.0
159.0,767.0,91.0,1097.0,350.0
160.0,791.0,153.0,1070.0,281.0
160.0,767.0,372.0,1177.0,424.0
160.0,372.0,166.0,765.0,634.0
160.0,454.0,562.0,534.0,641.0
160.0,765.0,91.0,1097.0,352.0
161.0,789.0,156.0,1068.0,283.0
161.0,375.0,170.0,762.0,628.0
161.0,450.0,566.0,531.0,640.0
161.0,754.0,375.0,1175.0,426.0
161.0,763.0,90.0,1096.0,357.0
162.0,787.0,158.0,1065.0,285.0
162.0,374.0,173.0,758.0,626.0
162.0,448.0,569.0,528.0,640.0
162.0,751.0,373.0,1157.0,430.0
162.0,753.0,84.0,1101.0,375.0
163.0,785.0,159.0,1063.0,287.0
163.0,370.0,179.0,756.0,625.0
163.0,442.0,572.0,527.0,640.0
163.0,723.0,376.0,1151.0,432.0
163.0,753.0,86.0,1096.0,376.0
164.0,783.0,160.0,1061.0,290.0
164.0,369.0,183.0,752.0,625.0
164.0,718.0,380.0,1156.0,433.0
164.0,436.0,569.0,528.0,642.0
164.0,753.0,88.0,1096.0,378.0
165.0,786.0,166.0,1054.0,286.0
165.0,722.0,384.0,1157.0,430.0
165.0,434.0,570.0,525.0,640.0
165.0,367.0,184.0,751.0,624.0
165.0,751.0,90.0,1096.0,378.0
166.0,785.0,167.0,1054.0,288.0
166.0,720.0,384.0,1155.0,436.0
166.0,364.0,185.0,745.0,623.0
166.0,432.0,574.0,523.0,640.0
166.0,754.0,109.0,1088.0,336.0
167.0,783.0,166.0,1052.0,297.0
167.0,730.0,385.0,1158.0,436.0
167.0,432.0,572.0,522.0,639.0
167.0,360.0,206.0,737.0,630.0
167.0,764.0,106.0,1073.0,336.0
168.0,784.0,166.0,1053.0,299.0
168.0,731.0,386.0,1160.0,437.0
168.0,432.0,573.0,520.0,639.0
168.0,361.0,188.0,742.0,624.0
168.0,749.0,90.0,1095.0,384.0
169.0,784.0,167.0,1053.0,301.0
169.0,738.0,386.0,1162.0,438.0
169.0,359.0,188.0,744.0,623.0
169.0,430.0,575.0,520.0,638.0
169.0,748.0,89.0,1094.0,387.0
170.0,784.0,168.0,1054.0,302.0
170.0,736.0,387.0,1159.0,440.0
170.0,357.0,187.0,742.0,626.0
170.0,747.0,87.0,1095.0,391.0
170.0,431.0,578.0,516.0,637.0
171.0,783.0,169.0,1054.0,303.0
171.0,727.0,388.0,1162.0,441.0
171.0,754.0,97.0,1087.0,365.0
171.0,353.0,186.0,739.0,628.0
171.0,427.0,578.0,519.0,638.0
172.0,782.0,169.0,1054.0,305.0
172.0,721.0,390.0,1166.0,442.0
172.0,752.0,96.0,1086.0,371.0
172.0,350.0,183.0,737.0,630.0
172.0,428.0,581.0,510.0,637.0
173.0,780.0,171.0,1055.0,306.0
173.0,726.0,395.0,1155.0,440.0
173.0,344.0,182.0,730.0,618.0
173.0,750.0,96.0,1084.0,373.0
173.0,424.0,581.0,509.0,637.0
174.0,779.0,172.0,1054.0,307.0
174.0,749.0,397.0,1160.0,439.0
174.0,341.0,179.0,729.0,617.0
174.0,749.0,96.0,1080.0,374.0
174.0,421.0,585.0,507.0,639.0
175.0,778.0,173.0,1054.0,308.0
175.0,734.0,394.0,1157.0,444.0
175.0,418.0,586.0,504.0,639.0
175.0,331.0,160.0,721.0,627.0
175.0,748.0,96.0,1078.0,375.0
176.0,778.0,174.0,1053.0,309.0
176.0,734.0,394.0,1154.0,445.0
176.0,417.0,588.0,501.0,638.0
176.0,748.0,95.0,1076.0,378.0
176.0,351.0,204.0,706.0,632.0
177.0,778.0,175.0,1052.0,309.0
177.0,741.0,395.0,1146.0,447.0
177.0,412.0,593.0,501.0,636.0
177.0,325.0,164.0,717.0,627.0
177.0,746.0,96.0,1076.0,380.0
178.0,777.0,176.0,1051.0,309.0
178.0,729.0,396.0,1147.0,448.0
178.0,320.0,168.0,723.0,626.0
178.0,409.0,594.0,501.0,636.0
178.0,745.0,96.0,1076.0,382.0
179.0,776.0,177.0,1050.0,310.0
179.0,747.0,403.0,1146.0,443.0
179.0,319.0,166.0,722.0,625.0
179.0,738.0,85.0,1078.0,403.0
179.0,408.0,595.0,500.0,636.0
180.0,776.0,178.0,1049.0,311.0
180.0,735.0,398.0,1144.0,451.0
180.0,322.0,165.0,712.0,624.0
180.0,738.0,85.0,1077.0,403.0
180.0,407.0,596.0,500.0,636.0
181.0,776.0,179.0,1048.0,311.0
181.0,751.0,405.0,1141.0,444.0
181.0,316.0,162.0,723.0,624.0
181.0,738.0,86.0,1078.0,403.0
181.0,405.0,597.0,500.0,636.0
182.0,162.0,393.0,1007.0,650.0
182.0,121.0,93.0,1045.0,656.0
182.0,213.0,238.0,397.0,299.0
182.0,489.0,116.0,804.0,367.0
183.0,212.0,392.0,998.0,645.0
183.0,174.0,97.0,1051.0,654.0
183.0,490.0,120.0,801.0,368.0
183.0,262.0,243.0,398.0,290.0
184.0,224.0,397.0,997.0,644.0
184.0,202.0,99.0,1044.0,652.0
184.0,491.0,119.0,803.0,369.0
185.0,258.0,396.0,997.0,642.0
185.0,255.0,128.0,1020.0,643.0
185.0,492.0,116.0,806.0,368.0
186.0,327.0,395.0,995.0,637.0
186.0,298.0,130.0,1020.0,642.0
186.0,490.0,106.0,804.0,370.0
186.0,1209.0,72.0,1277.0,645.0
187.0,332.0,395.0,996.0,637.0
187.0,320.0,130.0,1018.0,642.0
187.0,494.0,116.0,810.0,369.0
188.0,338.0,394.0,1000.0,639.0
188.0,336.0,134.0,1019.0,641.0
188.0,494.0,115.0,812.0,370.0
188.0,1211.0,72.0,1276.0,647.0
189.0,358.0,394.0,997.0,637.0
189.0,359.0,129.0,1018.0,641.0
189.0,493.0,114.0,811.0,370.0
190.0,401.0,396.0,994.0,635.0
190.0,403.0,105.0,1034.0,649.0
190.0,494.0,94.0,819.0,375.0
190.0,1214.0,62.0,1277.0,653.0
191.0,421.0,398.0,994.0,634.0
191.0,493.0,94.0,819.0,378.0
191.0,414.0,87.0,1026.0,647.0
191.0,28.0,467.0,162.0,624.0
192.0,445.0,398.0,991.0,635.0
192.0,433.0,102.0,1032.0,650.0
192.0,493.0,91.0,824.0,379.0
192.0,28.0,466.0,163.0,626.0
193.0,451.0,398.0,995.0,643.0
193.0,441.0,102.0,1033.0,649.0
193.0,494.0,91.0,823.0,379.0
193.0,28.0,469.0,163.0,628.0
193.0,1215.0,59.0,1277.0,658.0
194.0,453.0,400.0,994.0,644.0
194.0,447.0,91.0,1026.0,648.0
194.0,493.0,95.0,821.0,379.0
194.0,28.0,476.0,159.0,627.0
194.0,1215.0,60.0,1277.0,658.0
195.0,472.0,400.0,992.0,643.0
195.0,494.0,92.0,823.0,380.0
195.0,448.0,97.0,1025.0,670.0
195.0,1215.0,61.0,1277.0,660.0
196.0,483.0,401.0,992.0,643.0
196.0,445.0,90.0,1025.0,647.0
196.0,494.0,95.0,821.0,380.0
196.0,26.0,481.0,158.0,628.0
196.0,1216.0,64.0,1277.0,661.0
197.0,489.0,401.0,991.0,643.0
197.0,491.0,113.0,814.0,372.0
197.0,434.0,103.0,1033.0,659.0
197.0,1216.0,66.0,1277.0,663.0
198.0,498.0,402.0,988.0,644.0
198.0,385.0,93.0,1136.0,659.0
198.0,496.0,96.0,824.0,381.0
198.0,42.0,494.0,136.0,622.0
198.0,1217.0,65.0,1277.0,661.0
199.0,501.0,400.0,990.0,644.0
199.0,440.0,91.0,1021.0,647.0
199.0,490.0,114.0,820.0,372.0
199.0,507.0,561.0,944.0,639.0
199.0,42.0,496.0,131.0,622.0
199.0,1217.0,65.0,1277.0,660.0
200.0,514.0,400.0,991.0,644.0
200.0,454.0,91.0,1020.0,646.0
200.0,490.0,114.0,825.0,373.0
200.0,509.0,563.0,943.0,638.0
201.0,518.0,399.0,991.0,644.0
201.0,455.0,91.0,1021.0,645.0
201.0,494.0,95.0,828.0,389.0
201.0,517.0,562.0,945.0,638.0
202.0,522.0,397.0,991.0,644.0
202.0,457.0,93.0,1021.0,645.0
202.0,493.0,95.0,830.0,397.0
202.0,523.0,560.0,947.0,638.0
203.0,525.0,392.0,991.0,643.0
203.0,449.0,99.0,1035.0,647.0
203.0,496.0,112.0,836.0,390.0
204.0,526.0,396.0,989.0,638.0
204.0,449.0,104.0,1040.0,643.0
204.0,496.0,119.0,833.0,378.0
205.0,521.0,397.0,991.0,638.0
205.0,454.0,106.0,1038.0,641.0
205.0,499.0,121.0,833.0,378.0
206.0,514.0,384.0,1012.0,644.0
206.0,456.0,109.0,1037.0,642.0
206.0,499.0,128.0,834.0,380.0
206.0,44.0,503.0,128.0,628.0
207.0,515.0,380.0,1013.0,644.0
207.0,458.0,113.0,1038.0,642.0
207.0,503.0,132.0,830.0,381.0
208.0,516.0,378.0,1013.0,644.0
208.0,464.0,116.0,1035.0,641.0
208.0,505.0,129.0,840.0,404.0
209.0,523.0,387.0,992.0,639.0
209.0,461.0,116.0,1035.0,642.0
209.0,508.0,144.0,833.0,406.0
210.0,526.0,388.0,992.0,640.0
210.0,429.0,135.0,1031.0,643.0
210.0,496.0,149.0,830.0,421.0
211.0,528.0,386.0,991.0,641.0
211.0,476.0,185.0,1001.0,629.0
211.0,45.0,497.0,146.0,634.0
212.0,530.0,383.0,990.0,641.0
212.0,442.0,129.0,1032.0,636.0
212.0,43.0,498.0,146.0,633.0
212.0,470.0,156.0,824.0,422.0
213.0,518.0,372.0,1015.0,646.0
213.0,446.0,128.0,1050.0,643.0
213.0,468.0,155.0,821.0,413.0
213.0,47.0,494.0,140.0,631.0
214.0,523.0,361.0,991.0,646.0
214.0,449.0,123.0,1043.0,648.0
214.0,42.0,487.0,155.0,632.0
215.0,527.0,366.0,987.0,644.0
215.0,440.0,120.0,1043.0,649.0
215.0,34.0,482.0,162.0,632.0
215.0,464.0,139.0,820.0,407.0
216.0,527.0,356.0,987.0,644.0
216.0,440.0,110.0,1038.0,644.0
216.0,466.0,131.0,829.0,406.0
216.0,37.0,475.0,161.0,632.0
217.0,516.0,340.0,1000.0,645.0
217.0,435.0,113.0,1038.0,657.0
217.0,465.0,125.0,833.0,400.0
217.0,36.0,467.0,164.0,631.0
218.0,519.0,340.0,998.0,647.0
218.0,433.0,115.0,1044.0,659.0
218.0,36.0,459.0,169.0,630.0
218.0,471.0,118.0,829.0,397.0
219.0,519.0,344.0,999.0,647.0
219.0,441.0,114.0,1048.0,662.0
219.0,39.0,451.0,167.0,630.0
219.0,465.0,122.0,815.0,397.0
220.0,521.0,343.0,997.0,640.0
220.0,445.0,116.0,1050.0,659.0
220.0,12.0,82.0,200.0,303.0
221.0,522.0,347.0,1001.0,643.0
221.0,445.0,108.0,1055.0,657.0
221.0,4.0,78.0,218.0,300.0
222.0,522.0,355.0,1017.0,638.0
222.0,444.0,105.0,1053.0,652.0
222.0,5.0,79.0,212.0,296.0
222.0,25.0,226.0,191.0,286.0
223.0,526.0,350.0,1008.0,639.0
223.0,439.0,102.0,1043.0,649.0
223.0,6.0,80.0,208.0,291.0
224.0,466.0,284.0,1036.0,638.0
224.0,387.0,102.0,1150.0,653.0
224.0,7.0,81.0,198.0,285.0
225.0,423.0,294.0,1037.0,643.0
225.0,340.0,103.0,1151.0,653.0
225.0,7.0,87.0,195.0,264.0
226.0,405.0,289.0,1037.0,644.0
226.0,341.0,103.0,1199.0,656.0
226.0,8.0,84.0,185.0,254.0
227.0,412.0,284.0,1029.0,635.0
227.0,390.0,124.0,1211.0,654.0
227.0,561.0,359.0,932.0,634.0
227.0,9.0,83.0,176.0,234.0
228.0,569.0,341.0,968.0,600.0
228.0,405.0,267.0,1032.0,614.0
228.0,9.0,85.0,171.0,205.0
228.0,1050.0,75.0,1276.0,650.0
229.0,598.0,394.0,950.0,575.0
229.0,386.0,233.0,1010.0,597.0
229.0,1048.0,72.0,1277.0,655.0
230.0,379.0,181.0,1039.0,593.0
230.0,1050.0,74.0,1279.0,655.0
230.0,537.0,343.0,959.0,539.0
231.0,375.0,148.0,1026.0,542.0
231.0,270.0,103.0,1266.0,652.0
231.0,1044.0,78.0,1275.0,633.0
232.0,375.0,121.0,1016.0,538.0
232.0,259.0,91.0,1234.0,644.0
233.0,372.0,97.0,1017.0,506.0
233.0,281.0,75.0,1235.0,646.0
233.0,400.0,133.0,810.0,448.0
234.0,377.0,90.0,981.0,460.0
234.0,344.0,67.0,1181.0,622.0
234.0,821.0,489.0,1002.0,630.0
235.0,384.0,90.0,977.0,389.0
235.0,351.0,81.0,1141.0,614.0
236.0,378.0,79.0,944.0,343.0
236.0,337.0,75.0,1075.0,598.0
237.0,393.0,71.0,947.0,310.0
237.0,313.0,71.0,1047.0,572.0
238.0,384.0,90.0,923.0,267.0
239.0,393.0,81.0,922.0,228.0
239.0,556.0,308.0,1049.0,627.0
240.0,387.0,77.0,898.0,189.0
241.0,406.0,79.0,885.0,149.0
241.0,340.0,86.0,1224.0,634.0
242.0,509.0,97.0,1229.0,657.0
